slot_order,slot_id,case_selection_rank,case_unit_id,agent_id,extension_component,submission_status,expected_artifact_state,append_gate
1,androidworld::SystemCopyToClipboard::agent_a,0,SystemCopyToClipboard,agent_a,remaining59_ab,post_submission_target,pending,step4b_slot_acceptance
2,androidworld::SystemCopyToClipboard::agent_b,0,SystemCopyToClipboard,agent_b,remaining59_ab,post_submission_target,pending,step4b_slot_acceptance
3,androidworld::SystemBluetoothTurnOn::agent_a,2,SystemBluetoothTurnOn,agent_a,remaining59_ab,post_submission_target,pending,step4b_slot_acceptance
4,androidworld::SystemBluetoothTurnOn::agent_b,2,SystemBluetoothTurnOn,agent_b,remaining59_ab,post_submission_target,pending,step4b_slot_acceptance
5,androidworld::SimpleSmsSendClipboardContent::agent_a,4,SimpleSmsSendClipboardContent,agent_a,remaining59_ab,post_submission_target,pending,step4b_slot_acceptance
6,androidworld::SimpleSmsSendClipboardContent::agent_b,4,SimpleSmsSendClipboardContent,agent_b,remaining59_ab,post_submission_target,pending,step4b_slot_acceptance
7,androidworld::OsmAndFavorite::agent_a,5,OsmAndFavorite,agent_a,remaining59_ab,post_submission_target,pending,step4b_slot_acceptance
8,androidworld::OsmAndFavorite::agent_b,5,OsmAndFavorite,agent_b,remaining59_ab,post_submission_target,pending,step4b_slot_acceptance
9,androidworld::SystemBluetoothTurnOnVerify::agent_a,7,SystemBluetoothTurnOnVerify,agent_a,remaining59_ab,post_submission_target,pending,step4b_slot_acceptance
10,androidworld::SystemBluetoothTurnOnVerify::agent_b,7,SystemBluetoothTurnOnVerify,agent_b,remaining59_ab,post_submission_target,pending,step4b_slot_acceptance
11,androidworld::MarkorDeleteNewestNote::agent_a,11,MarkorDeleteNewestNote,agent_a,remaining59_ab,post_submission_target,pending,step4b_slot_acceptance
12,androidworld::MarkorDeleteNewestNote::agent_b,11,MarkorDeleteNewestNote,agent_b,remaining59_ab,post_submission_target,pending,step4b_slot_acceptance
13,androidworld::RecipeDeleteDuplicateRecipes2::agent_a,13,RecipeDeleteDuplicateRecipes2,agent_a,remaining59_ab,post_submission_target,pending,step4b_slot_acceptance
14,androidworld::RecipeDeleteDuplicateRecipes2::agent_b,13,RecipeDeleteDuplicateRecipes2,agent_b,remaining59_ab,post_submission_target,pending,step4b_slot_acceptance
15,androidworld::MarkorCreateNoteAndSms::agent_a,14,MarkorCreateNoteAndSms,agent_a,remaining59_ab,post_submission_target,pending,step4b_slot_acceptance
16,androidworld::MarkorCreateNoteAndSms::agent_b,14,MarkorCreateNoteAndSms,agent_b,remaining59_ab,post_submission_target,pending,step4b_slot_acceptance
17,androidworld::RecipeAddMultipleRecipesFromMarkor::agent_a,16,RecipeAddMultipleRecipesFromMarkor,agent_a,remaining59_ab,post_submission_target,pending,step4b_slot_acceptance
18,androidworld::RecipeAddMultipleRecipesFromMarkor::agent_b,16,RecipeAddMultipleRecipesFromMarkor,agent_b,remaining59_ab,post_submission_target,pending,step4b_slot_acceptance
19,androidworld::RecipeAddMultipleRecipesFromImage::agent_a,17,RecipeAddMultipleRecipesFromImage,agent_a,remaining59_ab,post_submission_target,pending,step4b_slot_acceptance
20,androidworld::RecipeAddMultipleRecipesFromImage::agent_b,17,RecipeAddMultipleRecipesFromImage,agent_b,remaining59_ab,post_submission_target,pending,step4b_slot_acceptance
21,androidworld::RecipeAddSingleRecipe::agent_a,19,RecipeAddSingleRecipe,agent_a,remaining59_ab,post_submission_target,pending,step4b_slot_acceptance
22,androidworld::RecipeAddSingleRecipe::agent_b,19,RecipeAddSingleRecipe,agent_b,remaining59_ab,post_submission_target,pending,step4b_slot_acceptance
23,androidworld::SportsTrackerTotalDistanceForCategoryOverInterval::agent_a,20,SportsTrackerTotalDistanceForCategoryOverInterval,agent_a,remaining59_ab,post_submission_target,pending,step4b_slot_acceptance
24,androidworld::SportsTrackerTotalDistanceForCategoryOverInterval::agent_b,20,SportsTrackerTotalDistanceForCategoryOverInterval,agent_b,remaining59_ab,post_submission_target,pending,step4b_slot_acceptance
25,androidworld::SystemWifiTurnOnVerify::agent_a,21,SystemWifiTurnOnVerify,agent_a,remaining59_ab,post_submission_target,pending,step4b_slot_acceptance
26,androidworld::SystemWifiTurnOnVerify::agent_b,21,SystemWifiTurnOnVerify,agent_b,remaining59_ab,post_submission_target,pending,step4b_slot_acceptance
27,androidworld::FilesMoveFile::agent_a,22,FilesMoveFile,agent_a,remaining59_ab,post_submission_target,pending,step4b_slot_acceptance
28,androidworld::FilesMoveFile::agent_b,22,FilesMoveFile,agent_b,remaining59_ab,post_submission_target,pending,step4b_slot_acceptance
29,androidworld::MarkorDeleteNote::agent_a,23,MarkorDeleteNote,agent_a,remaining59_ab,post_submission_target,pending,step4b_slot_acceptance
30,androidworld::MarkorDeleteNote::agent_b,23,MarkorDeleteNote,agent_b,remaining59_ab,post_submission_target,pending,step4b_slot_acceptance
31,androidworld::SystemBrightnessMinVerify::agent_a,26,SystemBrightnessMinVerify,agent_a,remaining59_ab,post_submission_target,pending,step4b_slot_acceptance
32,androidworld::SystemBrightnessMinVerify::agent_b,26,SystemBrightnessMinVerify,agent_b,remaining59_ab,post_submission_target,pending,step4b_slot_acceptance
33,androidworld::RecipeDeleteSingleRecipe::agent_a,27,RecipeDeleteSingleRecipe,agent_a,remaining59_ab,post_submission_target,pending,step4b_slot_acceptance
34,androidworld::RecipeDeleteSingleRecipe::agent_b,27,RecipeDeleteSingleRecipe,agent_b,remaining59_ab,post_submission_target,pending,step4b_slot_acceptance
35,androidworld::SystemWifiTurnOff::agent_a,29,SystemWifiTurnOff,agent_a,remaining59_ab,post_submission_target,pending,step4b_slot_acceptance
36,androidworld::SystemWifiTurnOff::agent_b,29,SystemWifiTurnOff,agent_b,remaining59_ab,post_submission_target,pending,step4b_slot_acceptance
37,androidworld::TurnOnWifiAndOpenApp::agent_a,30,TurnOnWifiAndOpenApp,agent_a,remaining59_ab,post_submission_target,pending,step4b_slot_acceptance
38,androidworld::TurnOnWifiAndOpenApp::agent_b,30,TurnOnWifiAndOpenApp,agent_b,remaining59_ab,post_submission_target,pending,step4b_slot_acceptance
39,androidworld::SystemBluetoothTurnOffVerify::agent_a,32,SystemBluetoothTurnOffVerify,agent_a,remaining59_ab,post_submission_target,pending,step4b_slot_acceptance
40,androidworld::SystemBluetoothTurnOffVerify::agent_b,32,SystemBluetoothTurnOffVerify,agent_b,remaining59_ab,post_submission_target,pending,step4b_slot_acceptance
41,androidworld::SystemBrightnessMaxVerify::agent_a,33,SystemBrightnessMaxVerify,agent_a,remaining59_ab,post_submission_target,pending,step4b_slot_acceptance
42,androidworld::SystemBrightnessMaxVerify::agent_b,33,SystemBrightnessMaxVerify,agent_b,remaining59_ab,post_submission_target,pending,step4b_slot_acceptance
43,androidworld::MarkorMoveNote::agent_a,36,MarkorMoveNote,agent_a,remaining59_ab,post_submission_target,pending,step4b_slot_acceptance
44,androidworld::MarkorMoveNote::agent_b,36,MarkorMoveNote,agent_b,remaining59_ab,post_submission_target,pending,step4b_slot_acceptance
45,androidworld::RetroPlayingQueue::agent_a,37,RetroPlayingQueue,agent_a,remaining59_ab,post_submission_target,pending,step4b_slot_acceptance
46,androidworld::RetroPlayingQueue::agent_b,37,RetroPlayingQueue,agent_b,remaining59_ab,post_submission_target,pending,step4b_slot_acceptance
47,androidworld::TasksHighPriorityTasksDueOnDate::agent_a,39,TasksHighPriorityTasksDueOnDate,agent_a,remaining59_ab,post_submission_target,pending,step4b_slot_acceptance
48,androidworld::TasksHighPriorityTasksDueOnDate::agent_b,39,TasksHighPriorityTasksDueOnDate,agent_b,remaining59_ab,post_submission_target,pending,step4b_slot_acceptance
49,androidworld::SportsTrackerTotalDurationForCategoryThisWeek::agent_a,40,SportsTrackerTotalDurationForCategoryThisWeek,agent_a,remaining59_ab,post_submission_target,pending,step4b_slot_acceptance
50,androidworld::SportsTrackerTotalDurationForCategoryThisWeek::agent_b,40,SportsTrackerTotalDurationForCategoryThisWeek,agent_b,remaining59_ab,post_submission_target,pending,step4b_slot_acceptance
51,androidworld::SystemWifiTurnOn::agent_a,44,SystemWifiTurnOn,agent_a,remaining59_ab,post_submission_target,pending,step4b_slot_acceptance
52,androidworld::SystemWifiTurnOn::agent_b,44,SystemWifiTurnOn,agent_b,remaining59_ab,post_submission_target,pending,step4b_slot_acceptance
53,androidworld::SimpleSmsSendReceivedAddress::agent_a,46,SimpleSmsSendReceivedAddress,agent_a,remaining59_ab,post_submission_target,pending,step4b_slot_acceptance
54,androidworld::SimpleSmsSendReceivedAddress::agent_b,46,SimpleSmsSendReceivedAddress,agent_b,remaining59_ab,post_submission_target,pending,step4b_slot_acceptance
55,androidworld::OpenAppTaskEval::agent_a,47,OpenAppTaskEval,agent_a,remaining59_ab,post_submission_target,pending,step4b_slot_acceptance
56,androidworld::OpenAppTaskEval::agent_b,47,OpenAppTaskEval,agent_b,remaining59_ab,post_submission_target,pending,step4b_slot_acceptance
57,androidworld::NotesIsTodo::agent_a,48,NotesIsTodo,agent_a,remaining59_ab,post_submission_target,pending,step4b_slot_acceptance
58,androidworld::NotesIsTodo::agent_b,48,NotesIsTodo,agent_b,remaining59_ab,post_submission_target,pending,step4b_slot_acceptance
59,androidworld::NotesTodoItemCount::agent_a,49,NotesTodoItemCount,agent_a,remaining59_ab,post_submission_target,pending,step4b_slot_acceptance
60,androidworld::NotesTodoItemCount::agent_b,49,NotesTodoItemCount,agent_b,remaining59_ab,post_submission_target,pending,step4b_slot_acceptance
61,androidworld::SportsTrackerActivityDuration::agent_a,50,SportsTrackerActivityDuration,agent_a,remaining59_ab,post_submission_target,pending,step4b_slot_acceptance
62,androidworld::SportsTrackerActivityDuration::agent_b,50,SportsTrackerActivityDuration,agent_b,remaining59_ab,post_submission_target,pending,step4b_slot_acceptance
63,androidworld::SimpleCalendarAddOneEvent::agent_a,52,SimpleCalendarAddOneEvent,agent_a,remaining59_ab,post_submission_target,pending,step4b_slot_acceptance
64,androidworld::SimpleCalendarAddOneEvent::agent_b,52,SimpleCalendarAddOneEvent,agent_b,remaining59_ab,post_submission_target,pending,step4b_slot_acceptance
65,androidworld::ExpenseDeleteSingle::agent_a,53,ExpenseDeleteSingle,agent_a,remaining59_ab,post_submission_target,pending,step4b_slot_acceptance
66,androidworld::ExpenseDeleteSingle::agent_b,53,ExpenseDeleteSingle,agent_b,remaining59_ab,post_submission_target,pending,step4b_slot_acceptance
67,androidworld::SystemBrightnessMin::agent_a,56,SystemBrightnessMin,agent_a,remaining59_ab,post_submission_target,pending,step4b_slot_acceptance
68,androidworld::SystemBrightnessMin::agent_b,56,SystemBrightnessMin,agent_b,remaining59_ab,post_submission_target,pending,step4b_slot_acceptance
69,androidworld::RecipeDeleteMultipleRecipes::agent_a,58,RecipeDeleteMultipleRecipes,agent_a,remaining59_ab,post_submission_target,pending,step4b_slot_acceptance
70,androidworld::RecipeDeleteMultipleRecipes::agent_b,58,RecipeDeleteMultipleRecipes,agent_b,remaining59_ab,post_submission_target,pending,step4b_slot_acceptance
71,androidworld::TasksIncompleteTasksOnDate::agent_a,60,TasksIncompleteTasksOnDate,agent_a,remaining59_ab,post_submission_target,pending,step4b_slot_acceptance
72,androidworld::TasksIncompleteTasksOnDate::agent_b,60,TasksIncompleteTasksOnDate,agent_b,remaining59_ab,post_submission_target,pending,step4b_slot_acceptance
73,androidworld::SportsTrackerActivitiesCountForWeek::agent_a,62,SportsTrackerActivitiesCountForWeek,agent_a,remaining59_ab,post_submission_target,pending,step4b_slot_acceptance
74,androidworld::SportsTrackerActivitiesCountForWeek::agent_b,62,SportsTrackerActivitiesCountForWeek,agent_b,remaining59_ab,post_submission_target,pending,step4b_slot_acceptance
75,androidworld::OsmAndMarker::agent_a,63,OsmAndMarker,agent_a,remaining59_ab,post_submission_target,pending,step4b_slot_acceptance
76,androidworld::OsmAndMarker::agent_b,63,OsmAndMarker,agent_b,remaining59_ab,post_submission_target,pending,step4b_slot_acceptance
77,androidworld::RecipeAddMultipleRecipes::agent_a,65,RecipeAddMultipleRecipes,agent_a,remaining59_ab,post_submission_target,pending,step4b_slot_acceptance
78,androidworld::RecipeAddMultipleRecipes::agent_b,65,RecipeAddMultipleRecipes,agent_b,remaining59_ab,post_submission_target,pending,step4b_slot_acceptance
79,androidworld::TasksDueOnDate::agent_a,66,TasksDueOnDate,agent_a,remaining59_ab,post_submission_target,pending,step4b_slot_acceptance
80,androidworld::TasksDueOnDate::agent_b,66,TasksDueOnDate,agent_b,remaining59_ab,post_submission_target,pending,step4b_slot_acceptance
81,androidworld::NotesMeetingAttendeeCount::agent_a,67,NotesMeetingAttendeeCount,agent_a,remaining59_ab,post_submission_target,pending,step4b_slot_acceptance
82,androidworld::NotesMeetingAttendeeCount::agent_b,67,NotesMeetingAttendeeCount,agent_b,remaining59_ab,post_submission_target,pending,step4b_slot_acceptance
83,androidworld::SystemWifiTurnOffVerify::agent_a,69,SystemWifiTurnOffVerify,agent_a,remaining59_ab,post_submission_target,pending,step4b_slot_acceptance
84,androidworld::SystemWifiTurnOffVerify::agent_b,69,SystemWifiTurnOffVerify,agent_b,remaining59_ab,post_submission_target,pending,step4b_slot_acceptance
85,androidworld::SaveCopyOfReceiptTaskEval::agent_a,70,SaveCopyOfReceiptTaskEval,agent_a,remaining59_ab,post_submission_target,pending,step4b_slot_acceptance
86,androidworld::SaveCopyOfReceiptTaskEval::agent_b,70,SaveCopyOfReceiptTaskEval,agent_b,remaining59_ab,post_submission_target,pending,step4b_slot_acceptance
87,androidworld::MarkorTranscribeReceipt::agent_a,71,MarkorTranscribeReceipt,agent_a,remaining59_ab,post_submission_target,pending,step4b_slot_acceptance
88,androidworld::MarkorTranscribeReceipt::agent_b,71,MarkorTranscribeReceipt,agent_b,remaining59_ab,post_submission_target,pending,step4b_slot_acceptance
89,androidworld::SportsTrackerActivitiesOnDate::agent_a,75,SportsTrackerActivitiesOnDate,agent_a,remaining59_ab,post_submission_target,pending,step4b_slot_acceptance
90,androidworld::SportsTrackerActivitiesOnDate::agent_b,75,SportsTrackerActivitiesOnDate,agent_b,remaining59_ab,post_submission_target,pending,step4b_slot_acceptance
91,androidworld::TasksDueNextWeek::agent_a,76,TasksDueNextWeek,agent_a,remaining59_ab,post_submission_target,pending,step4b_slot_acceptance
92,androidworld::TasksDueNextWeek::agent_b,76,TasksDueNextWeek,agent_b,remaining59_ab,post_submission_target,pending,step4b_slot_acceptance
93,androidworld::SportsTrackerLongestDistanceActivity::agent_a,79,SportsTrackerLongestDistanceActivity,agent_a,remaining59_ab,post_submission_target,pending,step4b_slot_acceptance
94,androidworld::SportsTrackerLongestDistanceActivity::agent_b,79,SportsTrackerLongestDistanceActivity,agent_b,remaining59_ab,post_submission_target,pending,step4b_slot_acceptance
95,androidworld::MarkorCreateNoteFromClipboard::agent_a,81,MarkorCreateNoteFromClipboard,agent_a,remaining59_ab,post_submission_target,pending,step4b_slot_acceptance
96,androidworld::MarkorCreateNoteFromClipboard::agent_b,81,MarkorCreateNoteFromClipboard,agent_b,remaining59_ab,post_submission_target,pending,step4b_slot_acceptance
97,androidworld::TasksHighPriorityTasks::agent_a,82,TasksHighPriorityTasks,agent_a,remaining59_ab,post_submission_target,pending,step4b_slot_acceptance
98,androidworld::TasksHighPriorityTasks::agent_b,82,TasksHighPriorityTasks,agent_b,remaining59_ab,post_submission_target,pending,step4b_slot_acceptance
99,androidworld::RetroPlaylistDuration::agent_a,84,RetroPlaylistDuration,agent_a,remaining59_ab,post_submission_target,pending,step4b_slot_acceptance
100,androidworld::RetroPlaylistDuration::agent_b,84,RetroPlaylistDuration,agent_b,remaining59_ab,post_submission_target,pending,step4b_slot_acceptance
101,androidworld::VlcCreateTwoPlaylists::agent_a,85,VlcCreateTwoPlaylists,agent_a,remaining59_ab,post_submission_target,pending,step4b_slot_acceptance
102,androidworld::VlcCreateTwoPlaylists::agent_b,85,VlcCreateTwoPlaylists,agent_b,remaining59_ab,post_submission_target,pending,step4b_slot_acceptance
103,androidworld::RecipeDeleteDuplicateRecipes::agent_a,87,RecipeDeleteDuplicateRecipes,agent_a,remaining59_ab,post_submission_target,pending,step4b_slot_acceptance
104,androidworld::RecipeDeleteDuplicateRecipes::agent_b,87,RecipeDeleteDuplicateRecipes,agent_b,remaining59_ab,post_submission_target,pending,step4b_slot_acceptance
105,androidworld::SystemBrightnessMax::agent_a,89,SystemBrightnessMax,agent_a,remaining59_ab,post_submission_target,pending,step4b_slot_acceptance
106,androidworld::SystemBrightnessMax::agent_b,89,SystemBrightnessMax,agent_b,remaining59_ab,post_submission_target,pending,step4b_slot_acceptance
107,androidworld::MarkorCreateFolder::agent_a,91,MarkorCreateFolder,agent_a,remaining59_ab,post_submission_target,pending,step4b_slot_acceptance
108,androidworld::MarkorCreateFolder::agent_b,91,MarkorCreateFolder,agent_b,remaining59_ab,post_submission_target,pending,step4b_slot_acceptance
109,androidworld::RetroSavePlaylist::agent_a,92,RetroSavePlaylist,agent_a,remaining59_ab,post_submission_target,pending,step4b_slot_acceptance
110,androidworld::RetroSavePlaylist::agent_b,92,RetroSavePlaylist,agent_b,remaining59_ab,post_submission_target,pending,step4b_slot_acceptance
111,androidworld::TasksCompletedTasksForDate::agent_a,95,TasksCompletedTasksForDate,agent_a,remaining59_ab,post_submission_target,pending,step4b_slot_acceptance
112,androidworld::TasksCompletedTasksForDate::agent_b,95,TasksCompletedTasksForDate,agent_b,remaining59_ab,post_submission_target,pending,step4b_slot_acceptance
113,androidworld::SimpleSmsSend::agent_a,97,SimpleSmsSend,agent_a,remaining59_ab,post_submission_target,pending,step4b_slot_acceptance
114,androidworld::SimpleSmsSend::agent_b,97,SimpleSmsSend,agent_b,remaining59_ab,post_submission_target,pending,step4b_slot_acceptance
115,androidworld::RecipeDeleteDuplicateRecipes3::agent_a,98,RecipeDeleteDuplicateRecipes3,agent_a,remaining59_ab,post_submission_target,pending,step4b_slot_acceptance
116,androidworld::RecipeDeleteDuplicateRecipes3::agent_b,98,RecipeDeleteDuplicateRecipes3,agent_b,remaining59_ab,post_submission_target,pending,step4b_slot_acceptance
117,androidworld::FilesDeleteFile::agent_a,99,FilesDeleteFile,agent_a,remaining59_ab,post_submission_target,pending,step4b_slot_acceptance
118,androidworld::FilesDeleteFile::agent_b,99,FilesDeleteFile,agent_b,remaining59_ab,post_submission_target,pending,step4b_slot_acceptance
119,androidworld::SystemCopyToClipboard::agent_c,0,SystemCopyToClipboard,agent_c,full100_c,post_submission_target,pending,step4b_slot_acceptance
120,androidworld::SimpleCalendarFirstEventAfterStartTime::agent_c,1,SimpleCalendarFirstEventAfterStartTime,agent_c,full100_c,post_submission_target,pending,step4b_slot_acceptance
121,androidworld::SystemBluetoothTurnOn::agent_c,2,SystemBluetoothTurnOn,agent_c,full100_c,post_submission_target,pending,step4b_slot_acceptance
122,androidworld::ContactsAddContact::agent_c,3,ContactsAddContact,agent_c,full100_c,post_submission_target,pending,step4b_slot_acceptance
123,androidworld::SimpleSmsSendClipboardContent::agent_c,4,SimpleSmsSendClipboardContent,agent_c,full100_c,post_submission_target,pending,step4b_slot_acceptance
124,androidworld::OsmAndFavorite::agent_c,5,OsmAndFavorite,agent_c,full100_c,post_submission_target,pending,step4b_slot_acceptance
125,androidworld::ClockTimerEntry::agent_c,6,ClockTimerEntry,agent_c,full100_c,post_submission_target,pending,step4b_slot_acceptance
126,androidworld::SystemBluetoothTurnOnVerify::agent_c,7,SystemBluetoothTurnOnVerify,agent_c,full100_c,post_submission_target,pending,step4b_slot_acceptance
127,androidworld::SimpleCalendarAddOneEventRelativeDay::agent_c,8,SimpleCalendarAddOneEventRelativeDay,agent_c,full100_c,post_submission_target,pending,step4b_slot_acceptance
128,androidworld::SimpleCalendarAddOneEventTomorrow::agent_c,9,SimpleCalendarAddOneEventTomorrow,agent_c,full100_c,post_submission_target,pending,step4b_slot_acceptance
129,androidworld::ExpenseDeleteDuplicates::agent_c,10,ExpenseDeleteDuplicates,agent_c,full100_c,post_submission_target,pending,step4b_slot_acceptance
130,androidworld::MarkorDeleteNewestNote::agent_c,11,MarkorDeleteNewestNote,agent_c,full100_c,post_submission_target,pending,step4b_slot_acceptance
131,androidworld::ContactsNewContactDraft::agent_c,12,ContactsNewContactDraft,agent_c,full100_c,post_submission_target,pending,step4b_slot_acceptance
132,androidworld::RecipeDeleteDuplicateRecipes2::agent_c,13,RecipeDeleteDuplicateRecipes2,agent_c,full100_c,post_submission_target,pending,step4b_slot_acceptance
133,androidworld::MarkorCreateNoteAndSms::agent_c,14,MarkorCreateNoteAndSms,agent_c,full100_c,post_submission_target,pending,step4b_slot_acceptance
134,androidworld::SimpleSmsReply::agent_c,15,SimpleSmsReply,agent_c,full100_c,post_submission_target,pending,step4b_slot_acceptance
135,androidworld::RecipeAddMultipleRecipesFromMarkor::agent_c,16,RecipeAddMultipleRecipesFromMarkor,agent_c,full100_c,post_submission_target,pending,step4b_slot_acceptance
136,androidworld::RecipeAddMultipleRecipesFromImage::agent_c,17,RecipeAddMultipleRecipesFromImage,agent_c,full100_c,post_submission_target,pending,step4b_slot_acceptance
137,androidworld::CameraTakeVideo::agent_c,18,CameraTakeVideo,agent_c,full100_c,post_submission_target,pending,step4b_slot_acceptance
138,androidworld::RecipeAddSingleRecipe::agent_c,19,RecipeAddSingleRecipe,agent_c,full100_c,post_submission_target,pending,step4b_slot_acceptance
139,androidworld::SportsTrackerTotalDistanceForCategoryOverInterval::agent_c,20,SportsTrackerTotalDistanceForCategoryOverInterval,agent_c,full100_c,post_submission_target,pending,step4b_slot_acceptance
140,androidworld::SystemWifiTurnOnVerify::agent_c,21,SystemWifiTurnOnVerify,agent_c,full100_c,post_submission_target,pending,step4b_slot_acceptance
141,androidworld::FilesMoveFile::agent_c,22,FilesMoveFile,agent_c,full100_c,post_submission_target,pending,step4b_slot_acceptance
142,androidworld::MarkorDeleteNote::agent_c,23,MarkorDeleteNote,agent_c,full100_c,post_submission_target,pending,step4b_slot_acceptance
143,androidworld::ClockStopWatchRunning::agent_c,24,ClockStopWatchRunning,agent_c,full100_c,post_submission_target,pending,step4b_slot_acceptance
144,androidworld::SimpleSmsResend::agent_c,25,SimpleSmsResend,agent_c,full100_c,post_submission_target,pending,step4b_slot_acceptance
145,androidworld::SystemBrightnessMinVerify::agent_c,26,SystemBrightnessMinVerify,agent_c,full100_c,post_submission_target,pending,step4b_slot_acceptance
146,androidworld::RecipeDeleteSingleRecipe::agent_c,27,RecipeDeleteSingleRecipe,agent_c,full100_c,post_submission_target,pending,step4b_slot_acceptance
147,androidworld::SimpleDrawProCreateDrawing::agent_c,28,SimpleDrawProCreateDrawing,agent_c,full100_c,post_submission_target,pending,step4b_slot_acceptance
148,androidworld::SystemWifiTurnOff::agent_c,29,SystemWifiTurnOff,agent_c,full100_c,post_submission_target,pending,step4b_slot_acceptance
149,androidworld::TurnOnWifiAndOpenApp::agent_c,30,TurnOnWifiAndOpenApp,agent_c,full100_c,post_submission_target,pending,step4b_slot_acceptance
150,androidworld::SimpleCalendarEventOnDateAtTime::agent_c,31,SimpleCalendarEventOnDateAtTime,agent_c,full100_c,post_submission_target,pending,step4b_slot_acceptance
151,androidworld::SystemBluetoothTurnOffVerify::agent_c,32,SystemBluetoothTurnOffVerify,agent_c,full100_c,post_submission_target,pending,step4b_slot_acceptance
152,androidworld::SystemBrightnessMaxVerify::agent_c,33,SystemBrightnessMaxVerify,agent_c,full100_c,post_submission_target,pending,step4b_slot_acceptance
153,androidworld::ExpenseAddSingle::agent_c,34,ExpenseAddSingle,agent_c,full100_c,post_submission_target,pending,step4b_slot_acceptance
154,androidworld::ExpenseDeleteMultiple::agent_c,35,ExpenseDeleteMultiple,agent_c,full100_c,post_submission_target,pending,step4b_slot_acceptance
155,androidworld::MarkorMoveNote::agent_c,36,MarkorMoveNote,agent_c,full100_c,post_submission_target,pending,step4b_slot_acceptance
156,androidworld::RetroPlayingQueue::agent_c,37,RetroPlayingQueue,agent_c,full100_c,post_submission_target,pending,step4b_slot_acceptance
157,androidworld::ExpenseAddMultiple::agent_c,38,ExpenseAddMultiple,agent_c,full100_c,post_submission_target,pending,step4b_slot_acceptance
158,androidworld::TasksHighPriorityTasksDueOnDate::agent_c,39,TasksHighPriorityTasksDueOnDate,agent_c,full100_c,post_submission_target,pending,step4b_slot_acceptance
159,androidworld::SportsTrackerTotalDurationForCategoryThisWeek::agent_c,40,SportsTrackerTotalDurationForCategoryThisWeek,agent_c,full100_c,post_submission_target,pending,step4b_slot_acceptance
160,androidworld::CameraTakePhoto::agent_c,41,CameraTakePhoto,agent_c,full100_c,post_submission_target,pending,step4b_slot_acceptance
161,androidworld::RecipeDeleteMultipleRecipesWithConstraint::agent_c,42,RecipeDeleteMultipleRecipesWithConstraint,agent_c,full100_c,post_submission_target,pending,step4b_slot_acceptance
162,androidworld::SimpleSmsReplyMostRecent::agent_c,43,SimpleSmsReplyMostRecent,agent_c,full100_c,post_submission_target,pending,step4b_slot_acceptance
163,androidworld::SystemWifiTurnOn::agent_c,44,SystemWifiTurnOn,agent_c,full100_c,post_submission_target,pending,step4b_slot_acceptance
164,androidworld::AudioRecorderRecordAudio::agent_c,45,AudioRecorderRecordAudio,agent_c,full100_c,post_submission_target,pending,step4b_slot_acceptance
165,androidworld::SimpleSmsSendReceivedAddress::agent_c,46,SimpleSmsSendReceivedAddress,agent_c,full100_c,post_submission_target,pending,step4b_slot_acceptance
166,androidworld::OpenAppTaskEval::agent_c,47,OpenAppTaskEval,agent_c,full100_c,post_submission_target,pending,step4b_slot_acceptance
167,androidworld::NotesIsTodo::agent_c,48,NotesIsTodo,agent_c,full100_c,post_submission_target,pending,step4b_slot_acceptance
168,androidworld::NotesTodoItemCount::agent_c,49,NotesTodoItemCount,agent_c,full100_c,post_submission_target,pending,step4b_slot_acceptance
169,androidworld::SportsTrackerActivityDuration::agent_c,50,SportsTrackerActivityDuration,agent_c,full100_c,post_submission_target,pending,step4b_slot_acceptance
170,androidworld::SimpleCalendarDeleteEventsOnRelativeDay::agent_c,51,SimpleCalendarDeleteEventsOnRelativeDay,agent_c,full100_c,post_submission_target,pending,step4b_slot_acceptance
171,androidworld::SimpleCalendarAddOneEvent::agent_c,52,SimpleCalendarAddOneEvent,agent_c,full100_c,post_submission_target,pending,step4b_slot_acceptance
172,androidworld::ExpenseDeleteSingle::agent_c,53,ExpenseDeleteSingle,agent_c,full100_c,post_submission_target,pending,step4b_slot_acceptance
173,androidworld::SimpleCalendarNextMeetingWithPerson::agent_c,54,SimpleCalendarNextMeetingWithPerson,agent_c,full100_c,post_submission_target,pending,step4b_slot_acceptance
174,androidworld::SimpleCalendarEventsInNextWeek::agent_c,55,SimpleCalendarEventsInNextWeek,agent_c,full100_c,post_submission_target,pending,step4b_slot_acceptance
175,androidworld::SystemBrightnessMin::agent_c,56,SystemBrightnessMin,agent_c,full100_c,post_submission_target,pending,step4b_slot_acceptance
176,androidworld::SimpleCalendarLocationOfEvent::agent_c,57,SimpleCalendarLocationOfEvent,agent_c,full100_c,post_submission_target,pending,step4b_slot_acceptance
177,androidworld::RecipeDeleteMultipleRecipes::agent_c,58,RecipeDeleteMultipleRecipes,agent_c,full100_c,post_submission_target,pending,step4b_slot_acceptance
178,androidworld::ExpenseAddMultipleFromGallery::agent_c,59,ExpenseAddMultipleFromGallery,agent_c,full100_c,post_submission_target,pending,step4b_slot_acceptance
179,androidworld::TasksIncompleteTasksOnDate::agent_c,60,TasksIncompleteTasksOnDate,agent_c,full100_c,post_submission_target,pending,step4b_slot_acceptance
180,androidworld::SimpleCalendarAnyEventsOnDate::agent_c,61,SimpleCalendarAnyEventsOnDate,agent_c,full100_c,post_submission_target,pending,step4b_slot_acceptance
181,androidworld::SportsTrackerActivitiesCountForWeek::agent_c,62,SportsTrackerActivitiesCountForWeek,agent_c,full100_c,post_submission_target,pending,step4b_slot_acceptance
182,androidworld::OsmAndMarker::agent_c,63,OsmAndMarker,agent_c,full100_c,post_submission_target,pending,step4b_slot_acceptance
183,androidworld::AudioRecorderRecordAudioWithFileName::agent_c,64,AudioRecorderRecordAudioWithFileName,agent_c,full100_c,post_submission_target,pending,step4b_slot_acceptance
184,androidworld::RecipeAddMultipleRecipes::agent_c,65,RecipeAddMultipleRecipes,agent_c,full100_c,post_submission_target,pending,step4b_slot_acceptance
185,androidworld::TasksDueOnDate::agent_c,66,TasksDueOnDate,agent_c,full100_c,post_submission_target,pending,step4b_slot_acceptance
186,androidworld::NotesMeetingAttendeeCount::agent_c,67,NotesMeetingAttendeeCount,agent_c,full100_c,post_submission_target,pending,step4b_slot_acceptance
187,androidworld::ExpenseDeleteMultiple2::agent_c,68,ExpenseDeleteMultiple2,agent_c,full100_c,post_submission_target,pending,step4b_slot_acceptance
188,androidworld::SystemWifiTurnOffVerify::agent_c,69,SystemWifiTurnOffVerify,agent_c,full100_c,post_submission_target,pending,step4b_slot_acceptance
189,androidworld::SaveCopyOfReceiptTaskEval::agent_c,70,SaveCopyOfReceiptTaskEval,agent_c,full100_c,post_submission_target,pending,step4b_slot_acceptance
190,androidworld::MarkorTranscribeReceipt::agent_c,71,MarkorTranscribeReceipt,agent_c,full100_c,post_submission_target,pending,step4b_slot_acceptance
191,androidworld::BrowserMultiply::agent_c,72,BrowserMultiply,agent_c,full100_c,post_submission_target,pending,step4b_slot_acceptance
192,androidworld::BrowserMaze::agent_c,73,BrowserMaze,agent_c,full100_c,post_submission_target,pending,step4b_slot_acceptance
193,androidworld::SimpleCalendarDeleteEvents::agent_c,74,SimpleCalendarDeleteEvents,agent_c,full100_c,post_submission_target,pending,step4b_slot_acceptance
194,androidworld::SportsTrackerActivitiesOnDate::agent_c,75,SportsTrackerActivitiesOnDate,agent_c,full100_c,post_submission_target,pending,step4b_slot_acceptance
195,androidworld::TasksDueNextWeek::agent_c,76,TasksDueNextWeek,agent_c,full100_c,post_submission_target,pending,step4b_slot_acceptance
196,androidworld::ClockStopWatchPausedVerify::agent_c,77,ClockStopWatchPausedVerify,agent_c,full100_c,post_submission_target,pending,step4b_slot_acceptance
197,androidworld::SimpleCalendarAddRepeatingEvent::agent_c,78,SimpleCalendarAddRepeatingEvent,agent_c,full100_c,post_submission_target,pending,step4b_slot_acceptance
198,androidworld::SportsTrackerLongestDistanceActivity::agent_c,79,SportsTrackerLongestDistanceActivity,agent_c,full100_c,post_submission_target,pending,step4b_slot_acceptance
199,androidworld::SimpleCalendarAddOneEventInTwoWeeks::agent_c,80,SimpleCalendarAddOneEventInTwoWeeks,agent_c,full100_c,post_submission_target,pending,step4b_slot_acceptance
200,androidworld::MarkorCreateNoteFromClipboard::agent_c,81,MarkorCreateNoteFromClipboard,agent_c,full100_c,post_submission_target,pending,step4b_slot_acceptance
201,androidworld::TasksHighPriorityTasks::agent_c,82,TasksHighPriorityTasks,agent_c,full100_c,post_submission_target,pending,step4b_slot_acceptance
202,androidworld::SimpleCalendarEventsOnDate::agent_c,83,SimpleCalendarEventsOnDate,agent_c,full100_c,post_submission_target,pending,step4b_slot_acceptance
203,androidworld::RetroPlaylistDuration::agent_c,84,RetroPlaylistDuration,agent_c,full100_c,post_submission_target,pending,step4b_slot_acceptance
204,androidworld::VlcCreateTwoPlaylists::agent_c,85,VlcCreateTwoPlaylists,agent_c,full100_c,post_submission_target,pending,step4b_slot_acceptance
205,androidworld::SimpleCalendarNextEvent::agent_c,86,SimpleCalendarNextEvent,agent_c,full100_c,post_submission_target,pending,step4b_slot_acceptance
206,androidworld::RecipeDeleteDuplicateRecipes::agent_c,87,RecipeDeleteDuplicateRecipes,agent_c,full100_c,post_submission_target,pending,step4b_slot_acceptance
207,androidworld::SimpleCalendarEventsInTimeRange::agent_c,88,SimpleCalendarEventsInTimeRange,agent_c,full100_c,post_submission_target,pending,step4b_slot_acceptance
208,androidworld::SystemBrightnessMax::agent_c,89,SystemBrightnessMax,agent_c,full100_c,post_submission_target,pending,step4b_slot_acceptance
209,androidworld::ExpenseAddMultipleFromMarkor::agent_c,90,ExpenseAddMultipleFromMarkor,agent_c,full100_c,post_submission_target,pending,step4b_slot_acceptance
210,androidworld::MarkorCreateFolder::agent_c,91,MarkorCreateFolder,agent_c,full100_c,post_submission_target,pending,step4b_slot_acceptance
211,androidworld::RetroSavePlaylist::agent_c,92,RetroSavePlaylist,agent_c,full100_c,post_submission_target,pending,step4b_slot_acceptance
212,androidworld::ExpenseDeleteDuplicates2::agent_c,93,ExpenseDeleteDuplicates2,agent_c,full100_c,post_submission_target,pending,step4b_slot_acceptance
213,androidworld::SimpleCalendarDeleteOneEvent::agent_c,94,SimpleCalendarDeleteOneEvent,agent_c,full100_c,post_submission_target,pending,step4b_slot_acceptance
214,androidworld::TasksCompletedTasksForDate::agent_c,95,TasksCompletedTasksForDate,agent_c,full100_c,post_submission_target,pending,step4b_slot_acceptance
215,androidworld::BrowserDraw::agent_c,96,BrowserDraw,agent_c,full100_c,post_submission_target,pending,step4b_slot_acceptance
216,androidworld::SimpleSmsSend::agent_c,97,SimpleSmsSend,agent_c,full100_c,post_submission_target,pending,step4b_slot_acceptance
217,androidworld::RecipeDeleteDuplicateRecipes3::agent_c,98,RecipeDeleteDuplicateRecipes3,agent_c,full100_c,post_submission_target,pending,step4b_slot_acceptance
218,androidworld::FilesDeleteFile::agent_c,99,FilesDeleteFile,agent_c,full100_c,post_submission_target,pending,step4b_slot_acceptance
