13101779	appworld/full-appworld-9ef798c_3-agent_c/appworld_task_output/logs/lm_calls.jsonl
12824745	appworld/full-appworld-9ef798c_2-agent_c/appworld_task_output/logs/lm_calls.jsonl
8950603	appworld/full-appworld-986aa4e_3-agent_a/appworld_task_output/logs/logger.log
8522292	appworld/full-appworld-6b6ca61_3-agent_c/appworld_task_output/logs/lm_calls.jsonl
8249808	appworld/full-appworld-9ef798c_1-agent_c/appworld_task_output/logs/lm_calls.jsonl
6908024	appworld/full-appworld-986aa4e_3-agent_a/appworld_task_output/logs/lm_calls.jsonl
6397511	appworld/full-appworld-2d9f728_2-agent_c/appworld_task_output/logs/lm_calls.jsonl
5132234	appworld/full-appworld-3b8fb7a_3-agent_c/appworld_task_output/logs/lm_calls.jsonl
4787089	appworld/full-appworld-bde252e_1-agent_c/appworld_task_output/logs/lm_calls.jsonl
4653788	appworld/full-appworld-2d9f728_3-agent_c/appworld_task_output/logs/lm_calls.jsonl
4075720	appworld/full-appworld-6b6ca61_3-agent_a/appworld_task_output/logs/lm_calls.jsonl
3685434	appworld/full-appworld-3b8fb7a_2-agent_c/appworld_task_output/logs/lm_calls.jsonl
3561611	appworld/full-appworld-83a7951_1-agent_c/appworld_task_output/logs/lm_calls.jsonl
3555532	appworld/full-appworld-652485c_3-agent_c/appworld_task_output/logs/lm_calls.jsonl
3317192	appworld/full-appworld-042a9fc_3-agent_c/appworld_task_output/logs/lm_calls.jsonl
3063558	appworld/full-appworld-6b6ca61_3-agent_a/appworld_task_output/logs/logger.log
2970586	appworld/full-appworld-83a7951_3-agent_c/appworld_task_output/logs/lm_calls.jsonl
2934018	appworld/full-appworld-986aa4e_3-agent_c/appworld_task_output/logs/lm_calls.jsonl
2896706	appworld/full-appworld-9ef798c_1-agent_b/appworld_task_output/logs/lm_calls.jsonl
2683908	appworld/full-appworld-f861c32_3-agent_c/appworld_task_output/logs/lm_calls.jsonl
2679240	appworld/full-appworld-d18139b_2-agent_c/appworld_task_output/logs/lm_calls.jsonl
2302602	appworld/full-appworld-90adc3f_2-agent_c/appworld_task_output/logs/lm_calls.jsonl
2205351	appworld/full-appworld-90adc3f_3-agent_c/appworld_task_output/logs/lm_calls.jsonl
2196669	appworld/full-appworld-90adc3f_1-agent_c/appworld_task_output/logs/lm_calls.jsonl
2150331	appworld/full-appworld-6b6ca61_2-agent_c/appworld_task_output/logs/lm_calls.jsonl
2141976	workarena/full-workarena-workarena.servicenow.two-changes-priority-uniform-risk-change-request-scheduling-l3-agent_a/task_artifacts/task_state_initial.json
2129099	appworld/full-appworld-bde252e_3-agent_c/appworld_task_output/logs/lm_calls.jsonl
2087185	appworld/full-appworld-3aa1a22_3-agent_c/appworld_task_output/logs/lm_calls.jsonl
2084742	workarena/full-workarena-workarena.servicenow.two-changes-priority-uniform-risk-change-request-scheduling-l3-agent_a/trajectory/observations/step_002.json
2066655	workarena/full-workarena-workarena.servicenow.two-changes-priority-uniform-risk-change-request-scheduling-l3-agent_a/trajectory/observations/step_001.json
2005132	workarena/full-workarena-workarena.servicenow.two-changes-priority-uniform-risk-change-request-scheduling-l3-agent_a/trajectory/observations/step_000_reset.json
1943148	appworld/full-appworld-986aa4e_3-agent_b/appworld_task_output/logs/lm_calls.jsonl
1801663	appworld/full-appworld-ff58e36_3-agent_a/appworld_task_output/logs/logger.log
1782064	appworld/full-appworld-2c544f9_1-agent_c/appworld_task_output/logs/lm_calls.jsonl
1781502	appworld/full-appworld-b9c5c9a_2-agent_c/appworld_task_output/logs/lm_calls.jsonl
1668596	appworld/full-appworld-634f342_3-agent_c/appworld_task_output/logs/lm_calls.jsonl
1643956	appworld/full-appworld-634f342_1-agent_c/appworld_task_output/logs/lm_calls.jsonl
1617065	appworld/full-appworld-6b6ca61_2-agent_a/appworld_task_output/logs/lm_calls.jsonl
1613073	appworld/full-appworld-3b8fb7a_3-agent_a/appworld_task_output/logs/logger.log
1608946	appworld/full-appworld-d18139b_2-agent_b/appworld_task_output/logs/lm_calls.jsonl
1566207	appworld/full-appworld-2c544f9_2-agent_c/appworld_task_output/logs/lm_calls.jsonl
1555449	appworld/full-appworld-3b8fb7a_3-agent_a/appworld_task_output/logs/lm_calls.jsonl
1538421	appworld/full-appworld-8ce6779_1-agent_c/appworld_task_output/logs/lm_calls.jsonl
1517708	appworld/full-appworld-3b8fb7a_2-agent_a/appworld_task_output/logs/logger.log
1517616	appworld/full-appworld-3b8fb7a_2-agent_a/appworld_task_output/logs/lm_calls.jsonl
1508662	appworld/full-appworld-270f1ff_1-agent_c/appworld_task_output/logs/lm_calls.jsonl
1454594	appworld/full-appworld-d194965_1-agent_c/appworld_task_output/logs/lm_calls.jsonl
1417618	appworld/full-appworld-9016950_2-agent_c/appworld_task_output/logs/lm_calls.jsonl
1311977	appworld/full-appworld-0de03ea_2-agent_c/appworld_task_output/logs/lm_calls.jsonl
1302832	appworld/full-appworld-3aa1a22_1-agent_c/appworld_task_output/logs/lm_calls.jsonl
1277123	appworld/full-appworld-2c544f9_2-agent_a/appworld_task_output/logs/lm_calls.jsonl
1272710	appworld/full-appworld-f861c32_3-agent_b/appworld_task_output/logs/lm_calls.jsonl
1244019	appworld/full-appworld-3aa1a22_3-agent_b/appworld_task_output/logs/lm_calls.jsonl
1209645	appworld/full-appworld-d194965_1-agent_a/appworld_task_output/logs/lm_calls.jsonl
1208944	appworld/full-appworld-d194965_3-agent_c/appworld_task_output/logs/lm_calls.jsonl
1184415	appworld/full-appworld-2c544f9_3-agent_c/appworld_task_output/logs/lm_calls.jsonl
1167675	appworld/full-appworld-9ef798c_3-agent_c/appworld_task_output/logs/logger.log
1165359	appworld/full-appworld-ff58e36_3-agent_c/appworld_task_output/logs/lm_calls.jsonl
1160670	appworld/full-appworld-270f1ff_3-agent_c/appworld_task_output/logs/lm_calls.jsonl
1140578	appworld/full-appworld-042a9fc_3-agent_a/appworld_task_output/logs/logger.log
1132252	appworld/full-appworld-ff58e36_3-agent_a/appworld_task_output/logs/lm_calls.jsonl
1128229	appworld/full-appworld-9ef798c_2-agent_a/appworld_task_output/logs/lm_calls.jsonl
1109737	appworld/full-appworld-b9c5c9a_3-agent_c/appworld_task_output/logs/lm_calls.jsonl
1104597	appworld/full-appworld-29a7b7e_1-agent_c/appworld_task_output/logs/lm_calls.jsonl
1078368	appworld/full-appworld-ffe6d5e_3-agent_c/appworld_task_output/logs/lm_calls.jsonl
1066477	appworld/full-appworld-024c982_2-agent_c/appworld_task_output/logs/lm_calls.jsonl
1058718	appworld/full-appworld-9ef798c_2-agent_b/appworld_task_output/logs/lm_calls.jsonl
1055742	appworld/full-appworld-3b8fb7a_3-agent_b/appworld_task_output/logs/lm_calls.jsonl
1051924	appworld/full-appworld-9ef798c_2-agent_c/appworld_task_output/logs/logger.log
1015702	appworld/full-appworld-986aa4e_3-agent_a/appworld_task_output/logs/logger.jsonl
1013085	appworld/full-appworld-f323bae_1-agent_c/appworld_task_output/logs/lm_calls.jsonl
1012438	appworld/full-appworld-f3f60f0_3-agent_c/appworld_task_output/logs/lm_calls.jsonl
1007478	appworld/full-appworld-d194965_1-agent_a/appworld_task_output/logs/logger.log
1002475	appworld/full-appworld-3b8fb7a_2-agent_b/appworld_task_output/logs/lm_calls.jsonl
963936	appworld/full-appworld-9016950_1-agent_c/appworld_task_output/logs/lm_calls.jsonl
961421	appworld/full-appworld-59fae45_1-agent_c/appworld_task_output/logs/lm_calls.jsonl
956217	appworld/full-appworld-ff58e36_2-agent_c/appworld_task_output/logs/lm_calls.jsonl
948413	appworld/full-appworld-6b6ca61_2-agent_b/appworld_task_output/logs/lm_calls.jsonl
938552	workarena/full-workarena-workarena.servicenow.two-changes-priority-uniform-risk-change-request-scheduling-l3-agent_a/browser_artifacts/recordings/task_video/752abcb1a48252df34a49108c0a27281.webm
935154	appworld/full-appworld-3d9a636_1-agent_c/appworld_task_output/logs/lm_calls.jsonl
929765	appworld/full-appworld-2c544f9_2-agent_b/appworld_task_output/logs/lm_calls.jsonl
927348	appworld/full-appworld-9ef798c_2-agent_c/appworld_task_output/logs/logger.jsonl
919306	appworld/full-appworld-042a9fc_3-agent_c/appworld_task_output/logs/logger.log
908670	appworld/full-appworld-042a9fc_3-agent_a/appworld_task_output/logs/lm_calls.jsonl
894149	appworld/full-appworld-c77c005_1-agent_c/appworld_task_output/logs/lm_calls.jsonl
893482	appworld/full-appworld-bde252e_1-agent_c/appworld_task_output/logs/logger.log
880127	appworld/full-appworld-3b8fb7a_3-agent_c/appworld_task_output/logs/logger.log
877897	appworld/full-appworld-986aa4e_3-agent_a/appworld_task_output/logs/environment_io.md
877355	appworld/full-appworld-d18139b_2-agent_a/appworld_task_output/logs/lm_calls.jsonl
875631	appworld/full-appworld-652485c_3-agent_b/appworld_task_output/logs/lm_calls.jsonl
864259	appworld/full-appworld-bde252e_3-agent_b/appworld_task_output/logs/lm_calls.jsonl
864100	appworld/full-appworld-6b6ca61_3-agent_c/appworld_task_output/logs/logger.log
863834	appworld/full-appworld-3d9a636_1-agent_a/appworld_task_output/logs/logger.log
863616	appworld/full-appworld-f3f60f0_1-agent_c/appworld_task_output/logs/lm_calls.jsonl
855473	appworld/full-appworld-9ef798c_1-agent_c/appworld_task_output/logs/logger.log
853163	appworld/full-appworld-b9c5c9a_3-agent_a/appworld_task_output/logs/logger.log
828008	appworld/full-appworld-9016950_2-agent_b/appworld_task_output/logs/lm_calls.jsonl
818485	appworld/full-appworld-83a7951_3-agent_b/appworld_task_output/logs/lm_calls.jsonl
810123	appworld/full-appworld-d194965_3-agent_a/appworld_task_output/logs/logger.log
805318	appworld/full-appworld-986aa4e_3-agent_c/appworld_task_output/logs/logger.log
800463	appworld/full-appworld-ff58e36_1-agent_c/appworld_task_output/logs/lm_calls.jsonl
795031	appworld/full-appworld-9ef798c_3-agent_c/appworld_task_output/logs/logger.jsonl
785526	appworld/full-appworld-3aa1a22_3-agent_a/appworld_task_output/logs/logger.log
784301	appworld/full-appworld-270f1ff_2-agent_c/appworld_task_output/logs/lm_calls.jsonl
783316	appworld/full-appworld-bde252e_1-agent_b/appworld_task_output/logs/lm_calls.jsonl
782822	appworld/full-appworld-3aa1a22_3-agent_b/appworld_task_output/logs/logger.log
780724	appworld/full-appworld-3b8fb7a_2-agent_c/appworld_task_output/logs/logger.log
775263	appworld/full-appworld-3aa1a22_1-agent_a/appworld_task_output/logs/logger.log
774633	appworld/full-appworld-652485c_3-agent_a/appworld_task_output/logs/logger.log
766180	appworld/full-appworld-b9c5c9a_3-agent_b/appworld_task_output/logs/lm_calls.jsonl
754066	appworld/full-appworld-042a9fc_3-agent_b/appworld_task_output/logs/lm_calls.jsonl
752317	appworld/full-appworld-2d9f728_2-agent_b/appworld_task_output/logs/lm_calls.jsonl
744200	appworld/full-appworld-9ef798c_3-agent_b/appworld_task_output/logs/lm_calls.jsonl
732633	appworld/full-appworld-9ef798c_1-agent_b/appworld_task_output/logs/logger.log
726399	appworld/full-appworld-59fae45_2-agent_c/appworld_task_output/logs/lm_calls.jsonl
715706	appworld/full-appworld-652485c_3-agent_a/appworld_task_output/logs/lm_calls.jsonl
711406	appworld/full-appworld-90adc3f_1-agent_b/appworld_task_output/logs/lm_calls.jsonl
709506	appworld/full-appworld-6b6ca61_3-agent_b/appworld_task_output/logs/lm_calls.jsonl
709476	appworld/full-appworld-634f342_3-agent_b/appworld_task_output/logs/lm_calls.jsonl
701153	appworld/full-appworld-90adc3f_2-agent_b/appworld_task_output/logs/lm_calls.jsonl
700742	workarena/full-workarena-workarena.servicenow.two-changes-priority-uniform-risk-change-request-scheduling-l3-agent_a/browser_artifacts/recordings/chat_video/f46bc2f37ded01d6e76639a04a602a24.webm
699008	appworld/full-appworld-552869a_2-agent_a/appworld_task_output/logs/logger.log
692129	appworld/full-appworld-2d9f728_3-agent_b/appworld_task_output/logs/lm_calls.jsonl
691256	appworld/full-appworld-ffe6d5e_1-agent_c/appworld_task_output/logs/lm_calls.jsonl
689619	appworld/full-appworld-f323bae_1-agent_a/appworld_task_output/logs/lm_calls.jsonl
685664	appworld/full-appworld-2d9f728_3-agent_a/appworld_task_output/logs/lm_calls.jsonl
684050	appworld/full-appworld-b9c5c9a_3-agent_a/appworld_task_output/logs/lm_calls.jsonl
679582	appworld/full-appworld-2d9f728_2-agent_c/appworld_task_output/logs/logger.log
677825	appworld/full-appworld-9016950_1-agent_b/appworld_task_output/logs/lm_calls.jsonl
670518	appworld/full-appworld-3aa1a22_1-agent_a/appworld_task_output/logs/lm_calls.jsonl
663353	appworld/full-appworld-024c982_1-agent_c/appworld_task_output/logs/lm_calls.jsonl
661961	appworld/full-appworld-270f1ff_2-agent_b/appworld_task_output/logs/lm_calls.jsonl
661894	appworld/full-appworld-d194965_3-agent_b/appworld_task_output/logs/lm_calls.jsonl
660720	appworld/full-appworld-270f1ff_3-agent_a/appworld_task_output/logs/lm_calls.jsonl
657399	appworld/full-appworld-b6d1104_3-agent_c/appworld_task_output/logs/lm_calls.jsonl
652435	appworld/full-appworld-0d01c76_3-agent_c/appworld_task_output/logs/lm_calls.jsonl
651612	appworld/full-appworld-d18139b_2-agent_b/appworld_task_output/dbs/venmo.jsonl
650576	appworld/full-appworld-09b0ee6_2-agent_c/appworld_task_output/logs/lm_calls.jsonl
650047	appworld/full-appworld-d18139b_2-agent_c/appworld_task_output/dbs/venmo.jsonl
649110	appworld/full-appworld-d18139b_2-agent_a/appworld_task_output/dbs/venmo.jsonl
646115	appworld/full-appworld-2c544f9_1-agent_b/appworld_task_output/logs/lm_calls.jsonl
643750	appworld/full-appworld-986aa4e_3-agent_b/appworld_task_output/logs/logger.log
643576	appworld/full-appworld-634f342_1-agent_b/appworld_task_output/logs/lm_calls.jsonl
642655	appworld/full-appworld-b9c5c9a_2-agent_b/appworld_task_output/logs/lm_calls.jsonl
642441	appworld/full-appworld-83a7951_1-agent_b/appworld_task_output/logs/lm_calls.jsonl
640273	appworld/full-appworld-2d9f728_3-agent_c/appworld_task_output/logs/logger.log
638050	appworld/full-appworld-bde252e_1-agent_a/appworld_task_output/logs/lm_calls.jsonl
636169	appworld/full-appworld-9016950_1-agent_a/appworld_task_output/logs/lm_calls.jsonl
634234	appworld/full-appworld-024c982_3-agent_c/appworld_task_output/logs/lm_calls.jsonl
629132	appworld/full-appworld-2c544f9_1-agent_a/appworld_task_output/logs/lm_calls.jsonl
624763	appworld/full-appworld-8749218_3-agent_c/appworld_task_output/logs/lm_calls.jsonl
621168	appworld/full-appworld-0de03ea_2-agent_a/appworld_task_output/logs/lm_calls.jsonl
620756	appworld/full-appworld-0de03ea_3-agent_c/appworld_task_output/logs/lm_calls.jsonl
612870	appworld/full-appworld-83a7951_3-agent_c/appworld_task_output/logs/logger.log
612587	appworld/full-appworld-9ef798c_1-agent_c/appworld_task_output/logs/logger.jsonl
604385	appworld/full-appworld-270f1ff_1-agent_a/appworld_task_output/logs/lm_calls.jsonl
598498	appworld/full-appworld-425a494_2-agent_c/appworld_task_output/logs/lm_calls.jsonl
594701	appworld/full-appworld-bde252e_3-agent_a/appworld_task_output/logs/lm_calls.jsonl
591426	appworld/full-appworld-024c982_2-agent_a/appworld_task_output/logs/lm_calls.jsonl
591228	appworld/full-appworld-83a7951_3-agent_a/appworld_task_output/logs/lm_calls.jsonl
587793	appworld/full-appworld-6b6ca61_2-agent_a/appworld_task_output/logs/logger.log
571923	appworld/full-appworld-90adc3f_1-agent_a/appworld_task_output/logs/lm_calls.jsonl
571218	appworld/full-appworld-2c544f9_2-agent_a/appworld_task_output/logs/logger.log
564384	appworld/full-appworld-b6d1104_1-agent_c/appworld_task_output/logs/lm_calls.jsonl
561130	appworld/full-appworld-325d6ec_3-agent_c/appworld_task_output/logs/lm_calls.jsonl
560828	appworld/full-appworld-9016950_1-agent_a/appworld_task_output/logs/logger.log
560450	appworld/full-appworld-024c982_1-agent_b/appworld_task_output/logs/lm_calls.jsonl
551593	appworld/full-appworld-2d9f728_3-agent_a/appworld_task_output/logs/logger.log
551411	appworld/full-appworld-9ef798c_3-agent_a/appworld_task_output/logs/lm_calls.jsonl
549143	appworld/full-appworld-bde252e_1-agent_a/appworld_task_output/logs/logger.log
547212	appworld/full-appworld-d194965_1-agent_b/appworld_task_output/logs/lm_calls.jsonl
541913	appworld/full-appworld-83a7951_1-agent_c/appworld_task_output/logs/logger.log
539837	appworld/full-appworld-d18139b_2-agent_b/appworld_task_output/logs/logger.log
537010	appworld/full-appworld-9ef798c_1-agent_a/appworld_task_output/logs/lm_calls.jsonl
533452	appworld/full-appworld-3aa1a22_1-agent_b/appworld_task_output/logs/lm_calls.jsonl
530673	appworld/full-appworld-2c544f9_3-agent_a/appworld_task_output/logs/lm_calls.jsonl
530474	appworld/full-appworld-bde252e_3-agent_c/appworld_task_output/logs/logger.log
528605	appworld/full-appworld-83a7951_1-agent_a/appworld_task_output/logs/lm_calls.jsonl
527517	appworld/full-appworld-3d9a636_1-agent_b/appworld_task_output/logs/lm_calls.jsonl
525700	appworld/full-appworld-652485c_3-agent_c/appworld_task_output/logs/logger.log
523570	appworld/full-appworld-09b0ee6_1-agent_c/appworld_task_output/logs/lm_calls.jsonl
514517	appworld/full-appworld-2d9f728_2-agent_a/appworld_task_output/logs/lm_calls.jsonl
509490	appworld/full-appworld-f861c32_3-agent_c/appworld_task_output/logs/logger.log
508006	appworld/full-appworld-d194965_3-agent_a/appworld_task_output/logs/lm_calls.jsonl
507057	appworld/full-appworld-8749218_3-agent_a/appworld_task_output/logs/lm_calls.jsonl
506400	appworld/full-appworld-634f342_3-agent_a/appworld_task_output/logs/lm_calls.jsonl
504824	appworld/full-appworld-8ce6779_1-agent_a/appworld_task_output/logs/lm_calls.jsonl
504115	appworld/full-appworld-ffe6d5e_1-agent_b/appworld_task_output/logs/lm_calls.jsonl
503366	appworld/full-appworld-ffe6d5e_3-agent_b/appworld_task_output/logs/lm_calls.jsonl
499084	appworld/full-appworld-90adc3f_3-agent_a/appworld_task_output/logs/lm_calls.jsonl
489498	appworld/full-appworld-552869a_3-agent_a/appworld_task_output/logs/logger.log
489223	appworld/full-appworld-9ef798c_2-agent_a/appworld_task_output/logs/logger.log
485763	appworld/full-appworld-042a9fc_3-agent_b/appworld_task_output/logs/logger.log
484523	appworld/full-appworld-634f342_1-agent_c/appworld_task_output/logs/logger.log
482847	appworld/full-appworld-d18139b_2-agent_c/appworld_task_output/logs/logger.log
482399	appworld/full-appworld-b6d1104_3-agent_b/appworld_task_output/logs/lm_calls.jsonl
480468	appworld/full-appworld-90adc3f_3-agent_a/appworld_task_output/logs/logger.log
477937	appworld/full-appworld-f3f60f0_3-agent_a/appworld_task_output/logs/lm_calls.jsonl
476983	appworld/full-appworld-bde252e_3-agent_a/appworld_task_output/logs/logger.log
474895	appworld/full-appworld-6b6ca61_2-agent_c/appworld_task_output/logs/logger.log
